,date,username,tweet,hashtags,nlikes,nreplies,nretweets,timezone,place,geo
0,2020-02-29 15:42:05,fosterhood,"Wait a damn minute, Black History Month isnâ€™t over & this Mom would not object to having a daughter who owns a bubbly business ğŸ¥°! Added to vision board! 
#BLM 

Marvina Robinson Owns One of the Few Black-Owned Champagne Brands, Stuyvesant Champagne  https://atlantablackstar.com/2020/02/25/marvina-robinson-owns-one-of-the-few-black-owned-champagne-brands-stuyvesant-champagne/Â â€¦",['#blm'],5,0,1,PDT,,
1,2020-02-29 15:41:30,DrLindaShelton,Fake deal #VOTEBLUE 4 DECENCY Dump Trump CULT COWARDLY GOP Senators #Farmers #Education #TeaParty #AARP #Veterans #MeToo #GenX #Millenials #marchforourlives #1u #MAGA #Independents #Indigenous #P2 #Latinx #BLM #LGBTQ https://twitter.com/Malinowski/status/1233780494594117632Â â€¦,"['#voteblue', '#farmers', '#education', '#teaparty', '#aarp', '#veterans', '#metoo', '#genx', '#millenials', '#marchforourlives', '#1u', '#maga', '#independents', '#indigenous', '#p2', '#latinx', '#blm', '#lgbtq']",0,0,0,PDT,,
2,2020-02-29 15:40:52,nearlyfreaky,"You keep showing up on my TL, Nike. Answer my question: How much revenue from these ridiculously overpriced kicks are you donating to #HBCU, #NAACP, #BLM & similar non-profits?","['#hbcu', '#naacp', '#blm']",0,1,0,PDT,,
3,2020-02-29 15:30:16,JH_Balko,"Book - Arrested Justice: Black Women, Violence & Americaâ€™s Prison Nation  http://ht.ly/wV4i306rpiyÂ  HT @NYUpress #BLM #cjreform #incarceration #SocialJustice #SJW #PoC #SJ","['#blm', '#cjreform', '#incarceration', '#socialjustice', '#sjw', '#poc', '#sj']",0,0,0,PDT,,
4,2020-02-29 15:19:19,CaliLiliIndies,"'#MotherEarth 
is no motel +tho we may b #RockStars
we gotta #StopTrashinIt
+
#CleanUpOurRoom!â„¢Â© 
#SCPrimary
#ROEsongâ„¢ 
#NOH8
#healthcare
#BLM
#ClimateAction #RoeVWadeğŸ—½ #WomensRights #FridaysForFuture
#SaveOurSeaSaveOurSelvesâ„¢ğŸŒŠğŸ¬ğŸŒŠ
 https://www.youtube.com/playlist?list=PLOo3oJVjWZYQJmYI-1YLugwj2NDq4UbqbÂ â€¦
#Warren ğŸ—½","['#motherearth', '#rockstars', '#stoptrashinit', '#cleanupourroom', '#scprimary', '#roesong', '#noh8', '#healthcare', '#blm', '#climateaction', '#roevwade', '#womensrights', '#fridaysforfuture', '#saveourseasaveourselves', '#warren']",1,1,3,PDT,,
5,2020-02-29 15:16:08,NancyMi87040610,"Thank you @BarbaraRansby, @murchnik, @marclamonthill, Robin DG Kelley + all the other scholars/writers/leaders who signed this statement explaining why you support @BernieSanders. Your support means so much!

#Solidarity #NotMeUs #BLM #M4A #SCPrimary #SuperTuesday #Bernie2020 pic.twitter.com/JYJ6SvPXOS","['#solidarity', '#notmeus', '#blm', '#m4a', '#scprimary', '#supertuesday', '#bernie2020']",8,0,2,PDT,,
6,2020-02-29 14:37:47,OneMillionHouse,"Find us on Twitter
@OneMillionHouseğŸ 
 http://wp.me/p4IsC2-7wÂ 
#BLM #Alkebulans #BLACKS #Afrikans #UmojağŸ’– 

Twitter:

@OneMillionHouseğŸ   https://Twitter.comÂ 
@BlackpoundUKğŸ’·  https://Twitter.comÂ 
@BlackpoundmanâœŠğŸ¿  https://Twitter.comÂ  pic.twitter.com/FSft4xe4Rk","['#blm', '#alkebulans', '#blacks', '#afrikans', '#umoja']",2,0,5,PDT,,
7,2020-02-29 14:37:16,ugotGod,âš¡ï¸#BreakingNews Yâ€™all âœ¨ğŸ‘¸ğŸ¾ğŸ¤´ğŸ¾âœ¨ ğŸŒ T.O.P ~ #TURNitUP #Official #Music #Video  https://youtu.be/AdPnMoxKOWYÂ  via #ytb #mood #LEAPYEAR #BHM #BLM â¤ï¸ğŸ–¤ğŸ’š ğŸ¶ğŸ’ƒğŸ¾ğŸ•ºğŸ¿ğŸµ ğŸ¼ğŸ§ğŸ¤ ğŸ‰ğŸŠ ğŸ¾ğŸ¥‚ #VOTEâœ… #BERNIE2020âœŠğŸ¿,"['#breakingnews', '#turnitup', '#official', '#music', '#video', '#ytb', '#mood', '#leapyear', '#bhm', '#blm', '#vote', '#bernie2020']",0,0,0,PDT,,
8,2020-02-29 14:37:05,nearlyfreaky,"And how much of the revenue from these very attractive but ridiculously overpriced kicks is Nike donating to #HBCU, #NAACP, #BLM, etc. orgs?

Oh, none? Thatâ€™s what I thought. #HardNo","['#hbcu', '#naacp', '#blm', '#hardno']",2,1,0,PDT,,
9,2020-02-29 14:36:31,OneMillionHouse,"Find us on Twitter
@OneMillionHouseğŸ 
 http://wp.me/p4IsC2-7wÂ 
#BLM #Alkebulans #BLACKS #Afrikans #UmojağŸ’– 

Twitter:

@OneMillionHouseğŸ   https://Twitter.comÂ 
@BlackpoundUKğŸ’·  https://Twitter.comÂ 
@BlackpoundmanâœŠğŸ¿  https://Twitter.comÂ ","['#blm', '#alkebulans', '#blacks', '#afrikans', '#umoja']",2,0,4,PDT,,
10,2020-02-29 14:26:19,litboylegendary,my album is officially out on all platforms @YouTube @Deezer @pandoramusic @TIDAL @AppleMusic @GooglePlayMusic @Spotify #AllEyezonLit #LitboyLegendary #BLM,"['#alleyezonlit', '#litboylegendary', '#blm']",0,0,0,PDT,,
11,2020-02-29 14:22:33,ImCeeBrown,#TheBachelor #himalayansalt  past already.    #BLM #ObstructionOfJustice https://www.ebay.com/itm/Himalayan-Pink-Salt-Rock-Chunk-Food-Grade/283499772044?var=584612748227Â â€¦,"['#thebachelor', '#himalayansalt', '#blm', '#obstructionofjustice']",0,0,0,PDT,,
12,2020-02-29 13:59:31,lschae4779,#Savewildhorses from #BLM ğŸ’”ğŸ  https://twitter.com/Freedom4Horses/status/1233490223603957760Â â€¦,"['#savewildhorses', '#blm']",0,0,0,PDT,,
13,2020-02-29 13:49:43,FakeDougClark,"In other words cops are probably 100 times more likely to be killed by a white man than an unarmed WM is by a cop. Which actually makes the point for #BLM, doesnâ€™t it?  Interesting they didnâ€™t publish that stat. JHC",['#blm'],1,0,0,PDT,,
14,2020-02-29 13:35:55,theebillyporter,"As #blackhistorymonth comes to an end, I can't help but think back to winning the 2019 #Emmy Award  for my role on @PoseOnFX. I became the first openly gay black man to take home that award. Representation matters, our voices matter & our wins matter. #bhm #blm #LGBTQ â € pic.twitter.com/OMobhrW3wa","['#blackhistorymonth', '#emmy', '#bhm', '#blm', '#lgbtq']",2419,46,228,PDT,,
15,2020-02-29 13:30:18,hearts_wheels,"One of our favorite photos  from our travels:
Fiery Sunrise, Quartzsite, AZ
December 2018
#FullTimeRV #Nomad #Sunrise #BLM #Quartzsite #Arizona
Check out our other travels at  https://bit.ly/2t1rtXiÂ  pic.twitter.com/D3JY69WLQf","['#fulltimerv', '#nomad', '#sunrise', '#blm', '#quartzsite', '#arizona']",0,0,0,PDT,,
16,2020-02-29 13:09:38,JohnMark88,"Anymore Asians matching with #BLM?
Black on Asian Crime Statistics   https://www.financegeek.org/chinese/black-on-asian-crime/Â â€¦",['#blm'],0,0,0,PDT,,
17,2020-02-29 12:31:44,GodivaRides,Say it isn't so! In 2020 #France ğŸ‡«ğŸ‡· colonies enslave #Black #Africans BUT no #BLM #liberal #democrat #protesters?,"['#france', '#black', '#africans', '#blm', '#liberal', '#democrat', '#protesters']",0,0,0,PDT,,
18,2020-02-29 12:25:04,book_souk,Book - The Real School Safety Problem: The Long-Term Consequences of Harsh School #Punishment  http://ow.ly/rbXt30hvTXJÂ  HT @ucpress & @aaron_kupchik #Criminology #BLM #racism #BailReform #SocialJustice #cjreform # SJW #stpp #SchoolToPrisonPipeline #injustice #SJ,"['#punishment', '#criminology', '#blm', '#racism', '#bailreform', '#socialjustice', '#cjreform', '#stpp', '#schooltoprisonpipeline', '#injustice', '#sj']",0,0,0,PDT,,
19,2020-02-29 12:22:51,CovingtonQ,Facts donâ€™t matter #BLM,['#blm'],1,1,0,PDT,,
20,2020-02-29 12:20:07,JH_Balko,Book - The Real School Safety Problem: The Long-Term Consequences of Harsh School #Punishment  http://ow.ly/rbXt30hvTXJÂ  HT @ucpress & @aaron_kupchik #Criminology #BLM #racism #BailReform #SocialJustice #cjreform # SJW #stpp #SchoolToPrisonPipeline #injustice #SJ,"['#punishment', '#criminology', '#blm', '#racism', '#bailreform', '#socialjustice', '#cjreform', '#stpp', '#schooltoprisonpipeline', '#injustice', '#sj']",0,0,0,PDT,,
21,2020-02-29 12:08:59,IamSWaGodKing,Bernie spent a whole day walking around the city putting up posters about Police Brutality against Blacks and you're using #BLM to promote Biden who was in favour of segregation while Bernie was protesting against it? Shows how stupid some Black people are. #SWaGodKing,"['#blm', '#swagodking']",1,1,0,PDT,,
22,2020-02-29 11:58:02,CassiCray,"Resisters Unite. We must get rid of the Dump, his entire administration and the lackeys that blindly obey him just to make a buck. We must unite and remain united if we are to do this.

#Resist #BLM #ClimateActionNow #VoteBlueNoMatterWho","['#resist', '#blm', '#climateactionnow', '#votebluenomatterwho']",1,0,0,PDT,,
23,2020-02-29 11:18:16,ZacariasM,@BLMChi are the first official group to respond to the shooting on the Grand Red Line. Never say they donâ€™t fight against police violence for all communities. #BLM #chicago #fuck12 pic.twitter.com/hso89cNtgX,"['#blm', '#chicago', '#fuck12']",37,0,11,PDT,,
24,2020-02-29 11:04:39,angiemsays,".@OsopePatrisse of #BLM & #ReformLAJails âœ¨LA COUNTY, vote â€œYESâ€ on Measure R! pic.twitter.com/KHa1P4lvHN","['#blm', '#reformlajails']",3,0,2,PDT,,
25,2020-02-29 10:48:54,dongfidence,"Good riddance. Theyâ€™ve never done anything to help me or my community. Once we end the authoritarian fiasco known as the #WarOnDrugs we can rebuild our #police forces and do it right this time. No more absolute power of police unions. No more psychopaths in the rank-and-file
#BLM","['#warondrugs', '#police', '#blm']",2,0,0,PDT,,
26,2020-02-29 10:43:10,DR10001,Every Democrat Wants To Increase Our Taxes  https://finance.townhall.com/columnists/danieljmitchell/2020/02/28/tax-increases-wouldnt-balance-the-budget-n2562167Â â€¦. #tcot #tiot #ccot #ciot #Millennials #Deplorables #Illinois #Chicago #BLM,"['#tcot', '#tiot', '#ccot', '#ciot', '#millennials', '#deplorables', '#illinois', '#chicago', '#blm']",0,0,0,PDT,,
27,2020-02-29 10:23:44,Meezerected,They all instantly put #BLM signs on their lawn next to their Bernie sign.  https://twitter.com/FATHERBONNET/status/1233753050004758528Â â€¦,['#blm'],0,0,0,PDT,,
28,2020-02-29 10:15:07,Hlth_Literacy,"Book - No Mercy Here: Gender, Punishment, and the Making of Jim Crow Modernity  http://ow.ly/GmKK30asVHFÂ  #BLM HT @uncpressblog #racism #racist #CivilRights #HumanRights #PoC #SocialJustice #cjreform #SJW","['#blm', '#racism', '#racist', '#civilrights', '#humanrights', '#poc', '#socialjustice', '#cjreform', '#sjw']",0,0,0,PDT,,
29,2020-02-29 09:42:34,Informed_Un,"What the serious FUCK?
#blm #NoRacism #collegelife https://twitter.com/thedailybeast/status/1233763159628042242Â â€¦","['#blm', '#noracism', '#collegelife']",0,0,0,PDT,,
30,2020-02-29 09:28:27,timgeisler,"#BLM A new black Pope was elected in secret 
@Pontifex
@nbcsnl
@Trevornoah
@BarackObama",['#blm'],0,1,0,PDT,,
31,2020-02-29 09:27:30,timgeisler,#BLM A new black Pope was elected in secret @Pontifex @nbcsnl @Trevornoah @BarackObama,['#blm'],0,0,0,PDT,,
32,2020-02-29 09:15:13,orchidtoys,"At MassArt Art Museum, Artists Examine Racial And Gender Systems  https://www.wbur.org/artery/2020/02/26/massart-art-museum-maam-reviewÂ â€¦ #feminism
#feminist
#equality
#womenempowerment
#women
#activism
#girlpower
#love
#feminismo
#equality #art #BLM
#blacklivesmatter
#ethnicity
#equalrights
#equalitynow
#equalityforall pic.twitter.com/vOREF6yhnc","['#feminism', '#feminist', '#equality', '#womenempowerment', '#women', '#activism', '#girlpower', '#love', '#feminismo', '#equality', '#art', '#blm', '#blacklivesmatter', '#ethnicity', '#equalrights', '#equalitynow', '#equalityforall']",2,0,0,PDT,,
33,2020-02-29 09:11:04,liewbob,"#NeverTrump means NEVER TRUMP!
It unequivocally precludes BernieOrBust, NeverBloomberg, NeverBiden, NeverBernie.
Please consider #ClimateChange #GunSense #WomensRights #ChurchStateSeparation #KidsInCages #BLM . . .","['#nevertrump', '#climatechange', '#gunsense', '#womensrights', '#churchstateseparation', '#kidsincages', '#blm']",1,1,0,PDT,,
34,2020-02-29 08:59:16,martinb3,"Fun week in #ATL with colleagues... We even got a few hours to explore! The MLK center, Ebenezer church, and NPS site were all super interesting. #mlk #nps #blm  https://ift.tt/2T8jGoiÂ  pic.twitter.com/bG1X0EFic9","['#atl', '#mlk', '#nps', '#blm']",0,0,0,PDT,,
35,2020-02-29 08:57:57,DrDooleyMD,"#MedicareForAll is a racial justice issue.  If black lives matter #BLM our health matters.  We deserve health care, not â€œaccessâ€ but actual care.  With Medicare For All, everyone is included which means no people of color can be excluded.  https://twitter.com/andrewperezdc/status/1233797243922264064Â â€¦","['#medicareforall', '#blm']",158,1,60,PDT,,
36,2020-02-29 08:42:15,folkdoc8,"She Was Once the Biggest Star in Jazz. Hereâ€™s Why Youâ€™ve Never Heard of Her. - Narratively - Pocket  https://getpocket.com/explore/item/this-black-woman-was-once-the-biggest-star-in-jazz-here-s-why-you-ve-never-heard-of-her?utm_source=twtrsynd&utm_medium=socialÂ â€¦ #BlackHistory #BlackHistoryMonth #BLM #BlackTwitter #Resistance One week after her testimony, DuMont canceled The Hazel Scott Show.","['#blackhistory', '#blackhistorymonth', '#blm', '#blacktwitter', '#resistance']",0,0,0,PDT,,
37,2020-02-29 08:29:05,mahjoor07,"I am sorry... disagree with you wholeheartedly. Anyone using both sides narrative in India today should be considered a #hinduNazi.
They tried the same with #BLM movement, @realDonaldTrump used same language to support #WhiteSupremacy and you doing the same.","['#hindunazi', '#blm', '#whitesupremacy']",1,1,0,PDT,,
38,2020-02-29 08:28:42,ugotGod,âš¡ï¸#BreakingNews Yâ€™all âœ¨ğŸ‘¸ğŸ¾ğŸ¤´ğŸ¾âœ¨ ğŸŒ #Happy #LEAPYEAR Day #np GD & T.O.P. #KnockOut #mood #BHM 2020 #BLM â¤ï¸ğŸ–¤ğŸ’š ğŸ‰ğŸŠğŸ¼ğŸ§ğŸ¤ğŸ’ƒğŸ¾ğŸ•ºğŸ¾ğŸ¾ğŸ¥‚ğŸ¥³  https://vimeo.com/18678665Â ,"['#breakingnews', '#happy', '#leapyear', '#np', '#knockout', '#mood', '#bhm', '#blm']",0,0,0,PDT,,
39,2020-02-29 08:20:06,HedgyT,"â€œAnything can be achieved with a good, healthy, dose of courage.â€ 

-Viola Davis

#MentalHealthAwareness #MentalHealth #BlackHistoryMonth #BLM #Advocacy #Alliance #HedgyThoughts pic.twitter.com/sHIaqhFWNf","['#mentalhealthawareness', '#mentalhealth', '#blackhistorymonth', '#blm', '#advocacy', '#alliance', '#hedgythoughts']",6,0,0,PDT,,
40,2020-02-29 08:19:55,sneaker_warz,"#Spotted #SNEAKERWARZ #Global #NYC  S/O @demarjaysmith officialjahmarleysmith @jayportsmith reppin the  #Sneakerwarz #blackhistory  is #AMERICAN #History Sweat Shirt 
#WETHEPEOLPE #wakeup #blm #igers #icymiâ€¦  https://www.instagram.com/p/B5ySHYvhJmK/?igshid=gxru4pbx6js4Â â€¦","['#spotted', '#sneakerwarz', '#global', '#nyc', '#sneakerwarz', '#blackhistory', '#american', '#history', '#wethepeolpe', '#wakeup', '#blm', '#igers', '#icymi']",0,0,0,PDT,,
41,2020-02-29 08:17:53,DrLindaShelton,Stop voter suppression RESTORE GREAT AMERICA #RGA #VOTEBLUE 4 DECENCY Dump Trump CULT COWARDLY GOP Senators #Farmers #Education #TeaParty #AARP #Veterans #MeToo #GenX #Millenials #marchforourlives #1u #MAGA #Independents #Indigenous #P2 #Latinx #BLM #LGBTQ https://twitter.com/Sifill_LDF/status/1233755631842140160Â â€¦,"['#rga', '#voteblue', '#farmers', '#education', '#teaparty', '#aarp', '#veterans', '#metoo', '#genx', '#millenials', '#marchforourlives', '#1u', '#maga', '#independents', '#indigenous', '#p2', '#latinx', '#blm', '#lgbtq']",0,0,0,PDT,,
42,2020-02-29 08:17:52,twistertitr,"#SC #WeKnowJoe & #JoeKnowsUS #BLM #Latinos #Asians #Women #GOPWomen #Indiie #Dems #Students #Millennials #Vets #LGBTQ #Unite ğŸ‘‚ 2
@ClyburnSC06   From the â¤ï¸#TakeBackAmerica
#FF RT
ğŸŒŠğŸŒŠğŸŒŠ
 https://youtu.be/vVeh7niNZmoÂ  pic.twitter.com/18aKqgsOJC","['#sc', '#weknowjoe', '#joeknowsus', '#blm', '#latinos', '#asians', '#women', '#gopwomen', '#indiie', '#dems', '#students', '#millennials', '#vets', '#lgbtq', '#unite', '#takebackamerica', '#ff']",1,0,0,PDT,,
43,2020-02-29 08:17:18,twistertitr,"#SC #WeKnowJoe & #JoeKnowsUS #BLM #Latinos #Asians #Women #GOPWomen #Indiie #Dems #Students #Millennials #Vets #LGBTQ #Unite ğŸ‘‚ 2
@ClyburnSC06   From the â¤ï¸#TakeBackAmerica
#FF RT
ğŸŒŠğŸŒŠğŸŒŠ #Biden2020
 https://youtu.be/vVeh7niNZmoÂ  pic.twitter.com/q42Ao3XQMy","['#sc', '#weknowjoe', '#joeknowsus', '#blm', '#latinos', '#asians', '#women', '#gopwomen', '#indiie', '#dems', '#students', '#millennials', '#vets', '#lgbtq', '#unite', '#takebackamerica', '#ff', '#biden2020']",1,0,0,PDT,,
44,2020-02-29 08:16:21,DrLindaShelton,"Follow CDC Advice 
 https://www.cdc.gov/coronavirus/2019-ncov/about/prevention-treatment.htmlÂ â€¦ #Farmers #Education #TeaParty #AARP #Veterans #MeToo #GenX #Millenials #marchforourlives #1u #MAGA #Independents #Indigenous #P2 #Latinx #BLM #LGBTQ https://twitter.com/effiedog/status/1233786698720518144Â â€¦","['#farmers', '#education', '#teaparty', '#aarp', '#veterans', '#metoo', '#genx', '#millenials', '#marchforourlives', '#1u', '#maga', '#independents', '#indigenous', '#p2', '#latinx', '#blm', '#lgbtq']",1,0,0,PDT,,
45,2020-02-29 08:11:55,DrLindaShelton,Follow CDC & WHO NOT Trump #VOTEBLUE 4 DECENCY Dump Trump CULT COWARDLY GOP Senators #Farmers #Education #TeaParty #AARP #Veterans #MeToo #GenX #Millenials #marchforourlives #1u #MAGA #Independents #Indigenous #P2 #Latinx #BLM #LGBTQ https://twitter.com/Surgeon_General/status/1233725785283932160Â â€¦,"['#voteblue', '#farmers', '#education', '#teaparty', '#aarp', '#veterans', '#metoo', '#genx', '#millenials', '#marchforourlives', '#1u', '#maga', '#independents', '#indigenous', '#p2', '#latinx', '#blm', '#lgbtq']",0,0,0,PDT,,
46,2020-02-29 08:10:57,DrLindaShelton,UNFIT Danger in crisis #25thAmendmentNow @VP @cabinet #VOTEBLUE 4 DECENCY Dump Trump CULT COWARDLY GOP Senators #Farmers #Education #TeaParty #AARP #Veterans #MeToo #GenX #Millenials #marchforourlives #1u #MAGA #Independents #Indigenous #P2 #Latinx #BLM #LGBTQ https://twitter.com/stengel/status/1233737591645708289Â â€¦,"['#25thamendmentnow', '#voteblue', '#farmers', '#education', '#teaparty', '#aarp', '#veterans', '#metoo', '#genx', '#millenials', '#marchforourlives', '#1u', '#maga', '#independents', '#indigenous', '#p2', '#latinx', '#blm', '#lgbtq']",0,0,0,PDT,,
47,2020-02-29 08:10:18,twistertitr,"#SC #Women #GOPWomen #Indie #Dems #Students #Millennials #Vets #BLM #Latinos #Asian ğŸ‘‚ to what   @BarackObama  thinks about @JoeBiden #JoeKnowsUS #Biden2020 ğŸŒŠğŸŒŠğŸŒŠ
 https://youtu.be/mXhpZM91SAgÂ  pic.twitter.com/aTcmSWjopQ","['#sc', '#women', '#gopwomen', '#indie', '#dems', '#students', '#millennials', '#vets', '#blm', '#latinos', '#asian', '#joeknowsus', '#biden2020']",1,0,0,PDT,,
48,2020-02-29 08:08:58,twistertitr,"#SC #Women #GOPWomen #Indie #Dems #Students #Millennials #Vets #BLM #Latinos #Asian ğŸ‘‚ to what   @BarackObama  thinks about @JoeBiden #JoeKnowsUS #Biden2020 ğŸŒŠğŸŒŠğŸŒŠ
 https://youtu.be/mXhpZM91SAgÂ  pic.twitter.com/YMSpEROlSX","['#sc', '#women', '#gopwomen', '#indie', '#dems', '#students', '#millennials', '#vets', '#blm', '#latinos', '#asian', '#joeknowsus', '#biden2020']",0,0,0,PDT,,
49,2020-02-29 08:02:41,DrLindaShelton,BIDEN/HARRIS or WARREN #VOTEBLUE 4 DECENCY Dump Trump CULT COWARDLY GOP Senators #Farmers #Education #TeaParty #AARP #Veterans #MeToo #GenX #Millenials #marchforourlives #1u #MAGA #Independents #Indigenous #P2 #Latinx #BLM #LGBTQ https://twitter.com/chrisjollyhale/status/1233776944149340160Â â€¦,"['#voteblue', '#farmers', '#education', '#teaparty', '#aarp', '#veterans', '#metoo', '#genx', '#millenials', '#marchforourlives', '#1u', '#maga', '#independents', '#indigenous', '#p2', '#latinx', '#blm', '#lgbtq']",0,0,0,PDT,,
50,2020-02-29 07:58:17,DrLindaShelton,EXACTLY @VP Trump UNFIT #25thAmendmentNow #VOTEBLUE 4 DECENCY Dump Trump CULT COWARDLY GOP Senators #Farmers #Education #TeaParty #AARP #Veterans #MeToo #GenX #Millenials #marchforourlives #1u #MAGA #Independents #Indigenous #P2 #Latinx #BLM #LGBTQ https://twitter.com/JayInslee/status/1233242710036762625Â â€¦,"['#25thamendmentnow', '#voteblue', '#farmers', '#education', '#teaparty', '#aarp', '#veterans', '#metoo', '#genx', '#millenials', '#marchforourlives', '#1u', '#maga', '#independents', '#indigenous', '#p2', '#latinx', '#blm', '#lgbtq']",0,0,0,PDT,,
51,2020-02-29 07:56:40,DrLindaShelton,"#SCprimary2020  Vote for Harrison 
#VOTEBLUE 4 DECENCY Dump Trump CULT COWARDLY GOP Senators #Farmers #Education #TeaParty #AARP #Veterans #MeToo #GenX #Millenials #marchforourlives #1u #MAGA #Independents #Indigenous #P2 #Latinx #BLM #LGBTQ https://twitter.com/harrisonjaime/status/1232331685947170817Â â€¦","['#scprimary2020', '#voteblue', '#farmers', '#education', '#teaparty', '#aarp', '#veterans', '#metoo', '#genx', '#millenials', '#marchforourlives', '#1u', '#maga', '#independents', '#indigenous', '#p2', '#latinx', '#blm', '#lgbtq']",0,0,0,PDT,,
52,2020-02-29 07:51:55,DrLindaShelton,The world owes a lot to HEROIC doctors nurses 1st responders & scientists in #China RIP #VOTEBLUE 4 DECENCY Dump Trump CULT COWARDLY GOP Senators #Farmers #Education #TeaParty #AARP #Veterans #MeToo #GenX #Millenials #marchforourlives #Independents #Indigenous #P2 #Latinx #BLM  https://twitter.com/TomthunkitsMind/status/1233747815454662656Â â€¦,"['#china', '#voteblue', '#farmers', '#education', '#teaparty', '#aarp', '#veterans', '#metoo', '#genx', '#millenials', '#marchforourlives', '#independents', '#indigenous', '#p2', '#latinx', '#blm']",0,0,0,PDT,,
53,2020-02-29 07:51:20,FBM2005,"In the meantime, Sanders and company make it their mission to primary all of the CBC who have done more for #BLM than the Left ever has and I have the receipts to prove it.",['#blm'],0,0,0,PDT,,
54,2020-02-29 07:49:01,DrLindaShelton,Chief charlatan #VOTEBLUE 4 DECENCY Dump Trump CULT COWARDLY GOP Senators #Farmers #Education #TeaParty #AARP #Veterans #MeToo #GenX #Millenials #marchforourlives #1u #MAGA #Independents #Indigenous #P2 #Latinx #BLM #LGBTQ https://twitter.com/Trump_Detester/status/1233745048648536064Â â€¦,"['#voteblue', '#farmers', '#education', '#teaparty', '#aarp', '#veterans', '#metoo', '#genx', '#millenials', '#marchforourlives', '#1u', '#maga', '#independents', '#indigenous', '#p2', '#latinx', '#blm', '#lgbtq']",0,0,1,PDT,,
55,2020-02-29 07:37:16,TylerBlackwell4,"What a way for these people to end #BlackHistoryMonth, to bow and pray to a white supremacist.ğŸ™„

When someone shows you who they are, believe them the first time.

#SaturdayMorning #SaturdayThoughts #TrumpRallySC #TrumpLies #BLM #Election2020 #TruthMatters #VoteBlueNoMatterWho pic.twitter.com/fG7xchWtWM","['#blackhistorymonth', '#saturdaymorning', '#saturdaythoughts', '#trumprallysc', '#trumplies', '#blm', '#election2020', '#truthmatters', '#votebluenomatterwho']",1,1,0,PDT,,
56,2020-02-29 07:13:20,CR_US_Army_31L,I replied to a friend last night as I was drinking â€œWhiteâ€ Claws. I thought is this racist???  so I went wit just Claws. She didnâ€™t reply back...? I really did think it as dirt and also how ridiculous!! #fracism #blm #alm,"['#fracism', '#blm', '#alm']",1,0,0,PDT,,
57,2020-02-29 07:05:27,RU_intelliGENt,#BLM helps no one...okay...you literally have no evidence of that but go on your tangent. Idc what you gotta say anymore tho. I hope you find some peace of mind so you can be enlighten wit the realities of the real one day.,['#blm'],0,1,0,PDT,,
58,2020-02-29 06:53:18,mnpartypix,#BlackPanthers the First Neighborhood #Watch The right to defend our communities from enemies foreign and domestic Leap of Faith #BLM #Wankanda4Eva Murdered and Framed by informants by Government and Local Policeâ€¦  https://www.instagram.com/p/B9J6Od9hD0o/?igshid=11izfu98f5mwzÂ â€¦,"['#blackpanthers', '#watch', '#blm', '#wankanda4eva']",0,0,0,PDT,,
59,2020-02-29 06:46:04,BoonieKane,@SenStabenow @SenGaryPeters @RepPaulMitchell #MI - HOW FAR ARE YOU GOING TO LET #BLM GO? They are STRIPPING #PublicLands of #Wildlife #EcoSystems #Heritage #Wealth #Resources for #CorporateCarpetbaggerBRIBES - #ProtectPublicLands https://twitter.com/Blueequus775/status/1233488006796865537Â â€¦,"['#mi', '#blm', '#publiclands', '#wildlife', '#ecosystems', '#heritage', '#wealth', '#resources', '#corporatecarpetbaggerbribes', '#protectpubliclands']",0,1,0,PDT,,
60,2020-02-29 06:44:53,BHM_Pirate,Know your #BlackHistoryMonth! Don Lemon and guests are salty @POTUS was called the first black president and ignore his accomplishments. #FirstStep #Employment  https://youtu.be/tDl2yXpcLWYÂ  #BLM #BlackTwitter #BlackHistory #TheRoot #AMJoy #MSNBC #BernieBros #Vox #NowThis #Buzzfeed  https://twitter.com/BHM_Pirate/status/1233610697134792709Â â€¦ pic.twitter.com/IOJxJliwVn,"['#blackhistorymonth', '#firststep', '#employment', '#blm', '#blacktwitter', '#blackhistory', '#theroot', '#amjoy', '#msnbc', '#berniebros', '#vox', '#nowthis', '#buzzfeed']",0,1,0,PDT,,
61,2020-02-29 06:28:23,folkdoc8,"Teen activist spearheaded the countryâ€™s largest student anti-gun violence walkout:  https://www.aol.com/article/news/2020/02/29/teen-activist-spearheaded-the-countrys-largest-student-anti-gun-violence-walkout/23936603/?a_dgi=aolshare_activismÂ â€¦, to her, simply means playing her part in creating the world she wants to see tomorrow #BlackHistoryMonth #BLM #BlackTwitter #socialjustice #GunReformNow #Afrofuturism","['#blackhistorymonth', '#blm', '#blacktwitter', '#socialjustice', '#gunreformnow', '#afrofuturism']",0,0,1,PDT,,
62,2020-02-29 06:11:51,schestowitz,"Why We Sued Trumpâ€™s #BLM Over Its Sagebrush-Juniper Burning Project in #Montana  https://www.counterpunch.org/2020/02/28/why-we-sued-trumps-blm-over-its-sagebrush-juniper-burning-project-in-montana/Â â€¦ ""back in court to force the agency to comply with the Courtâ€™s order.""","['#blm', '#montana']",0,0,0,PDT,,
63,2020-02-29 06:09:43,termc1,"Funny how people are overlooking what may be #MiniMike's biggest #con.
 He's no ""New Yorker"" folks.
 Born & raised in MASSACHUSETTS.
 Undergrad in BALTIMORE, MARYLAND.
 Grad school in BOSTON.
 Started work in NYC in his late 20s, MAYbe.
-
#kag #maga #Trump2020 #2A #BLM","['#minimike', '#con', '#kag', '#maga', '#trump2020', '#2a', '#blm']",1,0,0,PDT,,
64,2020-02-29 05:50:47,kellimedaglia,"Dumb --- #Drumpf 
Dumber --- his supporters 

#VoteBlueNoMatterWho
#VoteBlueNoMatterWho2020
#VoteBlue
#VoteBlueToSaveAmerica
#VoteBlueToEndThisNightmare
#Resist
#LGBTQ
#LGBTQProud
#BLM
#LoveWins
#Dems
#BlueWave
#BlueWave2020
#Resistance
#prochoice
#FactsMatter","['#drumpf', '#votebluenomatterwho', '#votebluenomatterwho2020', '#voteblue', '#votebluetosaveamerica', '#votebluetoendthisnightmare', '#resist', '#lgbtq', '#lgbtqproud', '#blm', '#lovewins', '#dems', '#bluewave', '#bluewave2020', '#resistance', '#prochoice', '#factsmatter']",1,1,0,PDT,,
65,2020-02-29 05:49:13,annatoccara,"Enjoyed being interviewed by @rita_gayle for her PhD thesis on Black feminist collectives in Britain; remembering the work that @our__mel has done & what it has propelled. The Summer of 2016 was just the start, we arenâ€™t finished yet. We are #BLACKHISTORY âœŠğŸ¾ğŸ–¤
#BLM #MelaninFest pic.twitter.com/sBHD2p1sI0","['#blackhistory', '#blm', '#melaninfest']",21,2,4,PDT,,
66,2020-02-29 04:50:04,BHM_Pirate,"Remember, it wasnâ€™t the #Republicans who turned the firehoses on black people. Know your #BlackHistoryMonth. #Democrats2020 #BetteMidler #LGBTQ #BlackTwitter #BLM #BlackConservatives #BlacksForTrump #WhiteSupremacy #WalkAway #ObamaWasBetterAtEverything #TheRoot #ESPN  https://twitter.com/WayneDupreeShow/status/1233709350465757185Â â€¦ pic.twitter.com/emUk1qBMwo","['#republicans', '#blackhistorymonth', '#democrats2020', '#bettemidler', '#lgbtq', '#blacktwitter', '#blm', '#blackconservatives', '#blacksfortrump', '#whitesupremacy', '#walkaway', '#obamawasbetterateverything', '#theroot', '#espn']",0,0,1,PDT,,
67,2020-02-29 04:30:34,VirgoxSapphire,#Aria51 says: Nazis don't belong in the furry community. Also Piccolo is Black. #fucknazis #blm #queer pic.twitter.com/JUvGPRZc95,"['#aria51', '#fucknazis', '#blm', '#queer']",0,0,0,PDT,,
68,2020-02-29 02:21:30,BadTwitBot,"Before we know it the #BLM will ban the names ""Hitler"" and ""Spacey"". #liberals will punch anyone with those names.","['#blm', '#liberals']",0,0,0,PDT,,
69,2020-02-29 01:48:58,JBoneTheMartian,"There's an extra day, might as well learn something old.
.
#blm #blackhistory #blacklivesmatter #blackgirlmagic #blackhistorymonth #blackhistory #blackfolks #shortestmonth #slavery #riseup #slaveships #slavetradeâ€¦  https://www.instagram.com/p/B9JXZkJgjj3/?igshid=1jmvvfoh0f37pÂ â€¦","['#blm', '#blackhistory', '#blacklivesmatter', '#blackgirlmagic', '#blackhistorymonth', '#blackhistory', '#blackfolks', '#shortestmonth', '#slavery', '#riseup', '#slaveships', '#slavetrade']",0,0,0,PDT,,
70,2020-02-29 01:17:08,Lainbeom,"Wipipo logic. If I dont look, or see it, it didnt happen. ğŸ¤¦ğŸ½â€â™€ï¸ #wipipo #whiteprivilege #racism #blm #workplaceharassment #harassment pic.twitter.com/uP7tj4gJmR","['#wipipo', '#whiteprivilege', '#racism', '#blm', '#workplaceharassment', '#harassment']",0,0,0,PDT,,
71,2020-02-28 23:56:18,CaliLiliIndies,"'hell no u didn't throw 
#HER out of eden
SheWalkedOutâ„¢
w her MFFreedom
these boots were made4
#LipsNLibertiesâ„¢ğŸ„ğŸ½â€â™€ï¸ğŸ„ğŸ¼â€â™€ï¸ğŸ„ğŸ¿â€â™€ï¸'Â©
 pic.twitter.com/hXbe4US3gw
ğŸ¬  https://itunes.apple.com/us/movie/eve-n-god-this-female-is-not-yet-rated/id1447735793Â â€¦
ğŸµ  https://music.apple.com/us/album/this-female-is-not-yet-rated/1402313761Â â€¦
ğŸ™ï¸  https://medium.com/@mondofilm/interview-with-cali-lili-from-eve-n-god-this-female-is-not-yet-rated-6d50611b758eÂ â€¦
#RoeğŸ—½ #PrideğŸ³ï¸â€ğŸŒˆ #BLM #ClimateChange
TY!  @NooneOfan","['#her', '#lipsnliberties', '#roe', '#pride', '#blm', '#climatechange']",0,0,0,PDT,,
72,2020-02-28 23:27:11,DrLindaShelton,Time to ignore Trump & his CULT #25thAmendment #VOTEBLUE 4 DECENCY Dump Trump CULT COWARDLY GOP Senators #Farmers #Education #TeaParty #AARP #Veterans #MeToo #GenX #Millenials #marchforourlives #1u #MAGA #Independents #Indigenous #P2 #Latinx #BLM #LGBTQ https://twitter.com/altNOAA/status/1233645785079799808Â â€¦,"['#25thamendment', '#voteblue', '#farmers', '#education', '#teaparty', '#aarp', '#veterans', '#metoo', '#genx', '#millenials', '#marchforourlives', '#1u', '#maga', '#independents', '#indigenous', '#p2', '#latinx', '#blm', '#lgbtq']",0,1,0,PDT,,
73,2020-02-28 23:25:03,RealDealAxelrod,I never understood why #BLM and the Democrats call Border Patrol and Cops of color White Supremacist ğŸ¤·ğŸ¾â€â™‚ï¸  pic.twitter.com/ZnSwPH2sMq,['#blm'],44,2,9,PDT,,
74,2020-02-28 23:21:42,babbarfan43,It's Dolzeal loves Brady made believe #Stand4thaAnthum her #BLM scott adams,"['#stand4thaanthum', '#blm']",0,0,0,PDT,,
75,2020-02-28 23:19:33,DrLindaShelton,While roam burned Trump spews #VOTEBLUE 4 DECENCY Dump Trump CULT COWARDLY GOP Senators #Farmers #Education #TeaParty #AARP #Veterans #MeToo #GenX #Millenials #marchforourlives #1u #MAGA #Independents #Indigenous #P2 #Latinx #BLM #LGBTQ https://twitter.com/flitedocnm/status/1233636339876106240Â â€¦,"['#voteblue', '#farmers', '#education', '#teaparty', '#aarp', '#veterans', '#metoo', '#genx', '#millenials', '#marchforourlives', '#1u', '#maga', '#independents', '#indigenous', '#p2', '#latinx', '#blm', '#lgbtq']",1,0,0,PDT,,
76,2020-02-28 23:18:52,DrLindaShelton,Gagging doctors & scientists during epidemic is DANGEROUS #25thAmendment #VOTEBLUE 4 DECENCY Dump Trump CULT COWARDLY GOP Senators #Farmers #Education #TeaParty #AARP #Veterans #MeToo #GenX #Millenials #marchforourlives #1u #MAGA #Independents #Indigenous #P2 #Latinx #BLM #LGBTQ https://twitter.com/jilevin/status/1233642347470184448Â â€¦,"['#25thamendment', '#voteblue', '#farmers', '#education', '#teaparty', '#aarp', '#veterans', '#metoo', '#genx', '#millenials', '#marchforourlives', '#1u', '#maga', '#independents', '#indigenous', '#p2', '#latinx', '#blm', '#lgbtq']",0,0,0,PDT,,
77,2020-02-28 23:17:21,DrLindaShelton,The stupidity of #MAGA Embarrassing #VOTEBLUE 4 DECENCY Dump Trump CULT COWARDLY GOP Senators #Farmers #Education #TeaParty #AARP #Veterans #MeToo #GenX #Millenials #marchforourlives #1u #Independents #Indigenous #P2 #Latinx #BLM #LGBTQ https://twitter.com/AryaKicksButt/status/1233406034904903681Â â€¦,"['#maga', '#voteblue', '#farmers', '#education', '#teaparty', '#aarp', '#veterans', '#metoo', '#genx', '#millenials', '#marchforourlives', '#1u', '#independents', '#indigenous', '#p2', '#latinx', '#blm', '#lgbtq']",0,0,0,PDT,,
78,2020-02-28 23:15:50,DrLindaShelton,"He's confusing & lies NOT LEADING 
#VOTEBLUE 4 DECENCY Dump Trump CULT COWARDLY GOP Senators #Farmers #Education #TeaParty #AARP #Veterans #MeToo #GenX #Millenials #marchforourlives #1u #MAGA #Independents #Indigenous #P2 #Latinx #BLM #LGBTQ https://twitter.com/DanRather/status/1233580110596362242Â â€¦","['#voteblue', '#farmers', '#education', '#teaparty', '#aarp', '#veterans', '#metoo', '#genx', '#millenials', '#marchforourlives', '#1u', '#maga', '#independents', '#indigenous', '#p2', '#latinx', '#blm', '#lgbtq']",0,0,0,PDT,,
79,2020-02-28 23:13:59,DrLindaShelton,BIDEN/WARREN #VOTEBLUE 4 DECENCY Dump Trump CULT COWARDLY GOP Senators #Farmers #Education #TeaParty #AARP #Veterans #MeToo #GenX #Millenials #marchforourlives #1u #MAGA #Independents #Indigenous #P2 #Latinx #BLM #LGBTQ https://twitter.com/GabbieKDrice/status/1233358698279469056Â â€¦,"['#voteblue', '#farmers', '#education', '#teaparty', '#aarp', '#veterans', '#metoo', '#genx', '#millenials', '#marchforourlives', '#1u', '#maga', '#independents', '#indigenous', '#p2', '#latinx', '#blm', '#lgbtq']",0,0,0,PDT,,
80,2020-02-28 23:05:24,DrLindaShelton,Don't be stupid #VOTEBLUE 4 DECENCY Dump Trump CULT COWARDLY GOP Senators #Farmers #Education #TeaParty #AARP #Veterans #MeToo #GenX #Millenials #marchforourlives #1u #MAGA #Independents #Indigenous #P2 #Latinx #BLM #LGBTQ https://twitter.com/tedlieu/status/1233597848752517121Â â€¦,"['#voteblue', '#farmers', '#education', '#teaparty', '#aarp', '#veterans', '#metoo', '#genx', '#millenials', '#marchforourlives', '#1u', '#maga', '#independents', '#indigenous', '#p2', '#latinx', '#blm', '#lgbtq']",0,0,2,PDT,,
81,2020-02-28 23:03:55,DrLindaShelton,Trump is crazy @VP UNFIT Danger to America #25thAmendmentNOW #VOTEBLUE 4 DECENCY Dump Trump CULT COWARDLY GOP Senators #Farmers #Education #TeaParty #AARP #Veterans #MeToo #GenX #Millenials #marchforourlives #1u #MAGA #Independents #Indigenous #P2 #Latinx #BLM #LGBTQ https://twitter.com/BryanDawsonUSA/status/1233614076389052416Â â€¦,"['#25thamendmentnow', '#voteblue', '#farmers', '#education', '#teaparty', '#aarp', '#veterans', '#metoo', '#genx', '#millenials', '#marchforourlives', '#1u', '#maga', '#independents', '#indigenous', '#p2', '#latinx', '#blm', '#lgbtq']",0,0,1,PDT,,
82,2020-02-28 22:36:32,xxxGoodScarxxx,I understand the struggle #jim #crow IS #blm,"['#jim', '#crow', '#blm']",0,0,1,PDT,,
83,2020-02-28 21:49:27,BHM_Pirate,"#Democrats2020! They maintained #WhiteSupremacy, unlike the #Republicans who abolished slavery! #BlackTwitter #BlackHistoryMonth #BLM #TheRoot #CNN #AMJoy #MSNBC #MAGA #WalkAway #TYT #Racism  https://twitter.com/thewillwitt/status/1233587696615878656Â â€¦ pic.twitter.com/w5ZxPHFPp9","['#democrats2020', '#whitesupremacy', '#republicans', '#blacktwitter', '#blackhistorymonth', '#blm', '#theroot', '#cnn', '#amjoy', '#msnbc', '#maga', '#walkaway', '#tyt', '#racism']",0,1,0,PDT,,
84,2020-02-28 21:25:06,MissionaryBLMM,"#ThisIsALMBLMAS #ALMBLMAS #ALMBLMAW
ğŸ“šğŸ’»ğŸ“ğŸ’¹ğŸ“œğŸ¼ğŸšŒğŸ“°ğŸ“ŠğŸ“¹ğŸ’¡ğŸ”­ğŸ“ğŸ”¬
ğŸ’’ğŸ“–ğŸ™GLORY FOR GOD! #AllGiftsMatter
ğŸŒğŸŒğŸŒğŸŒ #WORLDWIDE ğŸŒğŸŒğŸŒğŸŒ
#AllLivesMatterBlackLivesMatterWeekAtSchool
 & ğŸ‘  #ALMÂ© &amp; #BLMÂ© AT WORKğŸ‘”
UNITED WE STAND! #OneNationUnderGod
#BeBest #AllAreIncludedNoneAreLeftOut https://twitter.com/FLOTUS/status/1233495327342317571Â â€¦","['#thisisalmblmas', '#almblmas', '#almblmaw', '#allgiftsmatter', '#worldwide', '#alllivesmatterblacklivesmatterweekatschool', '#alm', '#blm', '#onenationundergod', '#bebest', '#allareincludednoneareleftout']",0,0,0,PDT,,
85,2020-02-28 21:23:40,BadTwitBot,Question for #BLM twitter. Would you tactically align with #nazis to oppose Martin Shkreli continuing the war on the homeless?,"['#blm', '#nazis']",0,0,0,PDT,,
86,2020-02-28 21:10:33,ImCeeBrown,#TheBachelor #HillaryClinton #WomanCard  had beheld it with the utmost horror:  But they were rouzed from  #CTL #sgp #BLM #sgp #sgp https://www.ebay.com/itm/Hillary-Clinton-Woman-Card-Pet-Charm/282277109678Â â€¦,"['#thebachelor', '#hillaryclinton', '#womancard', '#ctl', '#sgp', '#blm', '#sgp', '#sgp']",0,0,0,PDT,,
87,2020-02-28 21:02:19,Bugsy5117,"Proud to be part of the @YMCASeattle where we support #WeWearBlack Day.
#yforall
#blm
@GlobalYMCA pic.twitter.com/VozmRpAO1N","['#wewearblack', '#yforall', '#blm']",14,1,7,PDT,,
88,2020-02-28 20:43:06,SezStick,"Someone explain to this fool that it is illegal to sell human beings in an AUCTION.
Because he disagrees with my dumb White a** and wants to make it legal again.
Mmmmmm k?
Thanks.
#BLM #BlackTwitter #BlackHistoryMonth #drawingwhileblack #BlackTwitterLive https://twitter.com/PeterLiuCAGov18/status/1233585327043858432Â â€¦","['#blm', '#blacktwitter', '#blackhistorymonth', '#drawingwhileblack', '#blacktwitterlive']",2,1,0,PDT,,
89,2020-02-28 20:40:41,bmcarthur17,"We will not be silenced. Black Lives Matter.
#BLM
#blm20 pic.twitter.com/zoH6Glqpek","['#blm', '#blm20']",0,0,0,PDT,,
90,2020-02-28 20:31:24,BHM_Pirate,Ex-NFL player declares Trump America's 'first black president'  https://thehill.com/changing-america/respect/diversity-inclusion/485162-ex-nfl-player-declares-trump-first-blackÂ â€¦ #BlackHistoryMonth #BlackGirlMagic #BlackTwitter #BLM #TheRoot #MAGA pic.twitter.com/fm0owB2bSS,"['#blackhistorymonth', '#blackgirlmagic', '#blacktwitter', '#blm', '#theroot', '#maga']",1,2,0,PDT,,
91,2020-02-28 20:08:56,KarimWebb,â€œBlack Activism does not equate to Terrorismâ€  #aliciagarza #BLM,"['#aliciagarza', '#blm']",0,0,0,PDT,,
92,2020-02-28 20:06:58,eckhardt_angela,"I #BackTheBlue but #policebrutality does happen, to ppl of all stripes. Set aside racism accusations so we can focus on better tactical training, hire for competence over diversity. Don't resist arrest, get your day in court! De-escalate. #RememberOscarGrant #BlueLivesMatter #BLM","['#backtheblue', '#policebrutality', '#rememberoscargrant', '#bluelivesmatter', '#blm']",1,0,0,PDT,,
93,2020-02-28 20:04:53,ugotGod,âš¡ï¸#BreakingNews Yâ€™all âœ¨ğŸ‘¸ğŸ¾ğŸ¤´ğŸ¾âœ¨ ğŸŒâ¤ï¸ğŸ–¤ğŸ’š ğŸ¶ğŸ•ºğŸ¿ğŸ’ƒğŸ¾ğŸµ ğŸŠğŸ‰ #BHMÂ Â #BLM âœŠğŸ¿ #VOTEâœ… #BERNIE2020 ğŸ¾ğŸ¥‚ https://twitter.com/ninaturner/status/1233587198806646784Â â€¦,"['#breakingnews', '#bhm', '#blm', '#vote', '#bernie2020']",0,0,0,PDT,,
94,2020-02-28 20:00:31,ugotGod,âš¡ï¸#BreakingNews Yâ€™all âœ¨ğŸ‘¸ğŸ¾ğŸ¤´ğŸ¾âœ¨ ğŸŒâ¤ï¸ğŸ–¤ğŸ’š ğŸ¶ğŸ•ºğŸ¿ğŸ’ƒğŸ¾ğŸµ ğŸŠğŸ‰ #BHMÂ Â #BLM âœŠğŸ¿ #VOTEâœ… #BERNIE2020 ğŸ¾ğŸ¥‚ https://twitter.com/ninaturner/status/1233601222386561024Â â€¦,"['#breakingnews', '#bhm', '#blm', '#vote', '#bernie2020']",0,0,0,PDT,,
95,2020-02-28 19:59:55,ugotGod,âš¡ï¸#BreakingNews Yâ€™all âœ¨ğŸ‘¸ğŸ¾ğŸ¤´ğŸ¾âœ¨ ğŸŒâ¤ï¸ğŸ–¤ğŸ’š ğŸ¶ğŸ•ºğŸ¿ğŸ’ƒğŸ¾ğŸµ ğŸŠğŸ‰ #BHMÂ Â #BLM âœŠğŸ¿ #VOTEâœ… #BERNIE2020 ğŸ¾ğŸ¥‚ https://twitter.com/thebig3/status/1233601345241763840Â â€¦,"['#breakingnews', '#bhm', '#blm', '#vote', '#bernie2020']",0,0,0,PDT,,
96,2020-02-28 19:59:31,pewtergod,"I wonder if it's the same Confederate group that tried to blame Antifa for a bombing until the FBI proved it was one of their ex-members?
#Antifa #BLM #BlackHistoryMonth2020 pic.twitter.com/XEkOvWeVGz","['#antifa', '#blm', '#blackhistorymonth2020']",0,0,0,PDT,,
97,2020-02-28 19:51:11,TheServerSurfer,"Amazing speech. @BernieSanders explains #DemSoc principals and how #DemocraticSocialism led us out of the Depression. Well worth reading. Anyone have video?
âœŠğŸ¤“ğŸŒ¹ #Bernie2020 #MAKEprogress #MoveLeft #BernieSanders2020 #BLM #PeopleArePeople  https://twitter.com/LarryGlickman/status/1233385693910532097Â â€¦ pic.twitter.com/uO5Os3Qyul","['#demsoc', '#democraticsocialism', '#bernie2020', '#makeprogress', '#moveleft', '#berniesanders2020', '#blm', '#peoplearepeople']",0,0,0,PDT,,
98,2020-02-28 19:17:26,paulinestdenis1,feral as in regards to Blm language and this argument is mute - many believe horses crossed the veering straights - they are not domestic - feral animals this is #BLM propaganda just stop - this arguement is a myth and no longer valid,['#blm'],1,0,1,PDT,,
99,2020-02-28 19:05:01,paulinestdenis1,thank you @TheAtlantic - @chicagotribune @ClevelandPlainDealer @WashingtonPost @NewYorker  this is War on our American horses and many papers like the NYTimes peddle old blm bs - really write an article exposing #blm corruption,['#blm'],3,0,1,PDT,,
100,2020-02-28 19:04:47,JosephWNaus,"@IAINTVOTING tells it how it is on @CBSNews : Corps like #Pepsi #McDonalds #Coke target poor communities and turn them into #sugar #addicts
#capitalism #blm #advertising #food #recovery","['#pepsi', '#mcdonalds', '#coke', '#sugar', '#addicts', '#capitalism', '#blm', '#advertising', '#food', '#recovery']",2,0,1,PDT,,
101,2020-02-28 18:53:18,atchley_sr,Fuck Pete. #BLM and I know he doesnâ€™t care.  https://twitter.com/BLMSouthBend/status/1233575280515670017Â â€¦,['#blm'],0,0,0,PDT,,
102,2020-02-28 18:47:02,ugotGod,âš¡ï¸#BreakingNews Yâ€™all âœ¨ğŸ‘¸ğŸ¾ğŸ¤´ğŸ¾âœ¨ ğŸŒâ¤ï¸ğŸ–¤ğŸ’š ğŸ¶ğŸ•ºğŸ¿ğŸ’ƒğŸ¾ğŸµ ğŸŠğŸ‰ #BHMÂ Â  #BLM âœŠğŸ¿ #DragRace 2020 âœ¨ğŸ™‡ğŸ¾â€â™€ï¸âœ¨ https://twitter.com/HARDWHlTE/status/1233579135928356864Â â€¦,"['#breakingnews', '#bhm', '#blm', '#dragrace']",0,0,0,PDT,,
103,2020-02-28 18:44:16,ugotGod,âš¡ï¸#BreakingNews Yâ€™all âœ¨ğŸ‘¸ğŸ¾ğŸ¤´ğŸ¾âœ¨ ğŸŒâ¤ï¸ğŸ–¤ğŸ’š ğŸ¶ğŸ•ºğŸ¿ğŸ’ƒğŸ¾ğŸµ ğŸŠğŸ‰ #BHMÂ #BLM âœŠğŸ¿ #VOTEâœ… #BERNIE2020 ğŸ¾ğŸ¥‚ https://twitter.com/BernieSanders/status/1233580054938034177Â â€¦,"['#breakingnews', '#bhm', '#blm', '#vote', '#bernie2020']",1,0,0,PDT,,
104,2020-02-28 18:41:30,ugotGod,âš¡ï¸#BreakingNews Yâ€™all âœ¨ğŸ‘¸ğŸ¾ğŸ¤´ğŸ¾âœ¨ ğŸŒâ¤ï¸ğŸ–¤ğŸ’š ğŸ¶ğŸ•ºğŸ¿ğŸ’ƒğŸ¾ğŸµ ğŸŠğŸ‰ #BHMÂ Â  #BLM âœŠğŸ¿  https://twitter.com/TravelNoire/status/1233580156666728448Â â€¦,"['#breakingnews', '#bhm', '#blm']",0,0,0,PDT,,
105,2020-02-28 18:32:40,izthistaken,"The sunset in Joshua Tree was spectacular. Thinking of making this a print. 

#pano #panorama #panoramic #canon #pink #blue #cottoncandy #California #sunset #sunsets #joshuatree #BLM #nature #tree @ Joshua Tree,â€¦  https://www.instagram.com/p/B9Ild7gpRsG/?igshid=3y7adjw317wwÂ â€¦","['#pano', '#panorama', '#panoramic', '#canon', '#pink', '#blue', '#cottoncandy', '#california', '#sunset', '#sunsets', '#joshuatree', '#blm', '#nature', '#tree']",2,0,0,PDT,,
106,2020-02-28 18:30:35,ugotGod,âš¡ï¸#BreakingNews Yâ€™all âœ¨ğŸ‘¸ğŸ¾ğŸ¤´ğŸ¾âœ¨ ğŸŒâ¤ï¸ğŸ–¤ğŸ’š ğŸ¶ğŸ•ºğŸ¿ğŸ’ƒğŸ¾ğŸµ ğŸŠğŸ‰ #BHMÂ Â  #BLM âœŠğŸ¿  https://twitter.com/JheneAiko/status/1233263876436824064Â â€¦,"['#breakingnews', '#bhm', '#blm']",0,0,0,PDT,,
107,2020-02-28 18:26:32,ugotGod,âš¡ï¸#BreakingNews Yâ€™all âœ¨ğŸ‘¸ğŸ¾ğŸ¤´ğŸ¾âœ¨ ğŸŒâ¤ï¸ğŸ–¤ğŸ’š ğŸ¶ğŸ•ºğŸ¿ğŸ’ƒğŸ¾ğŸµ ğŸŠğŸ‰ #BHMÂ Â  #BLM âœŠğŸ¿  https://twitter.com/RevDrBarber/status/1233576609598205953Â â€¦,"['#breakingnews', '#bhm', '#blm']",0,0,0,PDT,,
108,2020-02-28 18:25:55,AraquelBloss,#SouthCarolinaPrimary voters! #BLM  https://twitter.com/BLMSouthBend/status/1233513818241802242Â â€¦,"['#southcarolinaprimary', '#blm']",4,0,4,PDT,,
109,2020-02-28 18:22:16,Waverlywray1,"I wonder if Twitter shadowbanned this video?
How many, who need to see this know about it???
#BLM #BHM #BlackHistoryMonth
#BloombergIsARacist?!? #Bloomberg2020 
The way or how MikeBloomberg said the things he said bothers me deeply.
#SaturdayMotivation #Election2020 https://twitter.com/BenjaminPDixon/status/1229472800194416640Â â€¦","['#blm', '#bhm', '#blackhistorymonth', '#bloombergisaracist', '#bloomberg2020', '#saturdaymotivation', '#election2020']",1,1,0,PDT,,
110,2020-02-28 18:21:22,M00NUKKI,Every time I see an anti LGBT thread or a thread of black men talking shit about black women it makes my blood boil. Yâ€™all will hate and talk shit about one another but then turn around and put #BLM or post an MLK quote. Yâ€™all see how hypocritical yâ€™all are?,['#blm'],1,1,0,PDT,,
111,2020-02-28 18:18:44,MidlifeBoon,Dry Camping in the Mojave Desert  https://www.midlifeboon.com/index.php/2020/01/08/dry-camping-in-the-mojave-desert/Â â€¦ via @Midlife Boon #Nevada #Mojave #Camping #BLM,"['#nevada', '#mojave', '#camping', '#blm']",1,0,0,PDT,,
112,2020-02-28 18:06:13,ugotGod,âš¡ï¸#BreakingNews Yâ€™all âœ¨ğŸ‘¸ğŸ¾ğŸ¤´ğŸ¾âœ¨ ğŸŒâ¤ï¸ğŸ–¤ğŸ’š ğŸ¶ğŸ•ºğŸ¿ğŸ’ƒğŸ¾ğŸµ ğŸŠğŸ‰ #BHMÂ  #BLM âœŠğŸ¿  https://twitter.com/StephenAtHome/status/1233570079431745536Â â€¦,"['#breakingnews', '#bhm', '#blm']",0,0,0,PDT,,
113,2020-02-28 18:05:51,ugotGod,âš¡ï¸#BreakingNews Yâ€™all âœ¨ğŸ‘¸ğŸ¾ğŸ¤´ğŸ¾âœ¨ ğŸŒâ¤ï¸ğŸ–¤ğŸ’š ğŸ¶ğŸ•ºğŸ¿ğŸ’ƒğŸ¾ğŸµ ğŸŠğŸ‰ #BHMÂ  #BLM âœŠğŸ¿  https://twitter.com/imanilaurenn/status/1233570115871965184Â â€¦,"['#breakingnews', '#bhm', '#blm']",0,0,0,PDT,,
114,2020-02-28 18:05:01,ugotGod,âš¡ï¸#BreakingNews Yâ€™all âœ¨ğŸ‘¸ğŸ¾ğŸ¤´ğŸ¾âœ¨ ğŸŒâ¤ï¸ğŸ–¤ğŸ’š ğŸ¶ğŸ•ºğŸ¿ğŸ’ƒğŸ¾ğŸµ ğŸŠğŸ‰ #BHMÂ  #BLM âœŠğŸ¿  https://twitter.com/cindytrimm/status/1233571447534170112Â â€¦,"['#breakingnews', '#bhm', '#blm']",0,0,0,PDT,,
115,2020-02-28 17:41:11,ugotGod,âš¡ï¸#BreakingNews Yâ€™all âœ¨ğŸ‘¸ğŸ¾ğŸ¤´ğŸ¾âœ¨ ğŸŒâ¤ï¸ğŸ–¤ğŸ’šğŸ¶ğŸ•ºğŸ¿ğŸ’ƒğŸ¾ğŸµğŸŠğŸ‰ #BHMÂ  #BLM âœŠğŸ¿  https://twitter.com/ImAngelaBassett/status/1233477688666488833Â â€¦,"['#breakingnews', '#bhm', '#blm']",0,0,0,PDT,,
116,2020-02-28 17:40:02,ugotGod,âš¡ï¸#BreakingNews Yâ€™all âœ¨ğŸ‘¸ğŸ¾ğŸ¤´ğŸ¾âœ¨ ğŸŒâ¤ï¸ğŸ–¤ğŸ’šğŸ¶ğŸ•ºğŸ¿ğŸ’ƒğŸ¾ğŸµğŸŠğŸ‰ #BHMÂ  #BLM âœŠğŸ¿  https://twitter.com/marsaimartin/status/1233525340485640194Â â€¦,"['#breakingnews', '#bhm', '#blm']",0,0,0,PDT,,
117,2020-02-28 17:39:13,ugotGod,âš¡ï¸#BreakingNews Yâ€™all âœ¨ğŸ‘¸ğŸ¾ğŸ¤´ğŸ¾âœ¨ ğŸŒâ¤ï¸ğŸ–¤ğŸ’šğŸ¶ğŸ•ºğŸ¿ğŸ’ƒğŸ¾ğŸµğŸŠğŸ‰ #BHMÂ  #BLM âœŠğŸ¿  https://twitter.com/RepKarenBass/status/1233541001161138181Â â€¦,"['#breakingnews', '#bhm', '#blm']",0,0,0,PDT,,
118,2020-02-28 17:35:24,ugotGod,âš¡ï¸#BreakingNews Yâ€™all âœ¨ğŸ‘¸ğŸ¾ğŸ¤´ğŸ¾âœ¨ ğŸŒâ¤ï¸ğŸ–¤ğŸ’š ğŸ¶ğŸ•ºğŸ¿ğŸ’ƒğŸ¾ğŸµğŸŠğŸ‰ #BHMÂ  #BLM âœŠğŸ¿  https://twitter.com/eden_CLE/status/1233458697747214341Â â€¦,"['#breakingnews', '#bhm', '#blm']",0,0,0,PDT,,
119,2020-02-28 17:34:10,ugotGod,âš¡ï¸#BreakingNews Yâ€™all âœ¨ğŸ‘¸ğŸ¾ğŸ¤´ğŸ¾âœ¨ ğŸŒâ¤ï¸ğŸ–¤ğŸ’šğŸ¶ğŸ•ºğŸ¿ğŸ’ƒğŸ¾ğŸµğŸŠğŸ‰ #BHMÂ  #BLM âœŠğŸ¿  https://twitter.com/BernieSanders/status/1233565046938058757Â â€¦,"['#breakingnews', '#bhm', '#blm']",0,0,0,PDT,,
120,2020-02-28 17:33:24,ugotGod,âš¡ï¸#BreakingNews Yâ€™all âœ¨ğŸ‘¸ğŸ¾ğŸ¤´ğŸ¾âœ¨ ğŸŒâ¤ï¸ğŸ–¤ğŸ’šğŸ¶ğŸ•ºğŸ¿ğŸ’ƒğŸ¾ğŸµğŸŠğŸ‰ #BHM #BLM âœŠğŸ¿  https://twitter.com/RDL_Cartwright/status/1233476755714912256Â â€¦,"['#breakingnews', '#bhm', '#blm']",0,0,0,PDT,,
121,2020-02-28 17:21:42,babbarfan43,Skip Bayless jumps is MJ and forget reports everyday #BLM scott adams,['#blm'],0,0,0,PDT,,
122,2020-02-28 17:12:20,seewhy68,"#HairLove

our students LOVE this book. #blm coworker reading at storytime in Brooklyn New York  pic.twitter.com/XF7F1zULxF","['#hairlove', '#blm']",129,1,16,PDT,,
123,2020-02-28 16:55:28,MRM_tweets,Don't forget to use your discount and share it with others! Expires March. 1st. #blackpantherparty #bpp #abcsbpp #revolutionaries #blm #blackpanthers #blackhistorymonth  https://www.instagram.com/p/B9IaWF2psKp/?igshid=bnglr9z56r0fÂ â€¦,"['#blackpantherparty', '#bpp', '#abcsbpp', '#revolutionaries', '#blm', '#blackpanthers', '#blackhistorymonth']",0,0,0,PDT,,
124,2020-02-28 15:31:28,sneaker_warz,"#SneakerWarz #Global #NYC S/ O @ian_buosi for the #Dope ğŸ“¸   S/O @looksbylunden  wearing  the #Sneakerwarz #blackhistory  is #AMERICAN #History T-Shirt 
#WETHEPEOLPE  everyday we make history !  #blm #igers  ##FBFâ€¦  https://www.instagram.com/p/B9IQuZ9B6Yy/?igshid=fd2v5qtqem2gÂ â€¦","['#sneakerwarz', '#global', '#nyc', '#dope', '#sneakerwarz', '#blackhistory', '#american', '#history', '#wethepeolpe', '#blm', '#igers', '#fbf']",0,0,0,PDT,,
125,2020-02-28 15:15:53,JillPiggott,"#Klobuchar hasn't ""addressed any of the specific criticisms of her officeâ€™s prosecution of Burrell, inc'g the use of jailhouse informants, police offering money for hearsay evidence, & a lack of fingerprint or DNA evidence."" Why aren't journalists demanding answers? #BLM","['#klobuchar', '#blm']",1,1,1,PDT,,
126,2020-02-28 15:01:40,paulinestdenis1,"#BLM stated that it had completed an environmental assessment and found no significant impact from lifting the pause on processing applications for new coal leases. 
Under President Trump's leadership,the Department of the Interior has ended the war on American energy and coal,",['#blm'],0,1,1,PDT,,
127,2020-02-28 15:00:19,EWUMCC,"Looking for something to stream this weekend? 
Check out She Did That. on Netflix! #blm #blackbusiness #blackexcellence
 http://ow.ly/v3tv50yyTJRÂ  pic.twitter.com/oVhbZFe3Yt","['#blm', '#blackbusiness', '#blackexcellence']",1,0,0,PDT,,
128,2020-02-28 14:59:04,Mrgiarc,TBWA\WorldHealth's social media stories reveal disturbing #healthcare #discrimination against black Americans  https://adage.com/article/agency-brief/tbwaworldhealths-social-media-stories-reveal-disturbing-healthcare-discrimination-against-black/2241461Â â€¦ #healthcare #africanamericans #BLm #blacklivesmatter #blackhistorymonth #worldhealth #Twitter #racism #deaths #minorities #Blackhealthnow,"['#healthcare', '#discrimination', '#healthcare', '#africanamericans', '#blm', '#blacklivesmatter', '#blackhistorymonth', '#worldhealth', '#twitter', '#racism', '#deaths', '#minorities', '#blackhealthnow']",2,0,1,PDT,,
129,2020-02-28 14:58:45,paulinestdenis1,honest to god WTF is happening ? im appalled - what is the #BLM doing -,['#blm'],0,0,1,PDT,,
130,2020-02-28 14:41:50,milanoIX,Unfortunately my employer only gives me access #CBS as a news source. SO glad @TakeoutPodcast had you on the show rather than the usual Trump sycophants. #BLM,"['#cbs', '#blm']",1,0,0,PDT,,
131,2020-02-28 14:35:06,closeted_egg_56,"With ya 100%! 
However just a suggestion...i would avoid pushing 'trans lives matter' hash, as the #BLM tag is a sacred movement for black people, and i dont want the trans movement to take away from their energy

Plus the last thing we want to do is copy 'blue lives matter' yuck",['#blm'],0,2,0,PDT,,
132,2020-02-28 14:01:11,nomadicnerdproj,"The view from our travel trailer window!

#joshuatreenationalpark #joshuatree #blm #bureauoflandmanagement #rvlife #nomadicnerdproject #nomadiclife #fulltimerv @ Joshua Tree BLM land South  https://www.instagram.com/p/B9IGZjuHkF_/?igshid=1p8mkytuxctdyÂ â€¦","['#joshuatreenationalpark', '#joshuatree', '#blm', '#bureauoflandmanagement', '#rvlife', '#nomadicnerdproject', '#nomadiclife', '#fulltimerv']",1,0,0,PDT,,
133,2020-02-28 13:59:41,nomadicnerdproj,"Finally made it back to the west. Hello Joshua Tree. We've been wanting to go here for years. The BLM site we got is beautiful.

#joshuatreenationalpark #joshuatree #blm #bureauoflandmanagement #rvlifeâ€¦  https://www.instagram.com/p/B9IGOm-H49H/?igshid=1fadtmefluw9oÂ â€¦","['#joshuatreenationalpark', '#joshuatree', '#blm', '#bureauoflandmanagement', '#rvlife']",1,0,0,PDT,,
134,2020-02-28 13:51:58,Freedom4Horses,"Since passage of the WFHBA, wild horses and burros have lost much of their range. 22.2 million acres less than those designated by Congress as wild horse habitat in 1971. -->  https://www.uidaho.edu/-/media/UIdaho-Responsive/Files/law/law-review/symposium/livestock-on-public-lands/Hurwitt.pdf?fbclid=IwAR31xMMk3ao5tvpU6zpRazzgo1zYqev4_J0lo9BRKGBK_FUr3huJxwtRl5oÂ â€¦ #FridayReads #publiclands #facts #wildhorses #BLM #government #YouShouldKnow pic.twitter.com/Toox7PqSaV","['#fridayreads', '#publiclands', '#facts', '#wildhorses', '#blm', '#government', '#youshouldknow']",8,1,12,PDT,,
135,2020-02-28 13:37:44,nomadicnerdproj,"Excuse me, you forgot your trash! We cleaned it up for you.

#leaveitbetter #leaveitbetterthanyoufoundit #blm #joshuatree #joshuatreenationalpark #nomadicnerdproject #rvlife #nomadiclife @ Joshua Tree BLM land South  https://www.instagram.com/p/B9IDtz8nKgl/?igshid=t6k3ux46x9v7Â â€¦","['#leaveitbetter', '#leaveitbetterthanyoufoundit', '#blm', '#joshuatree', '#joshuatreenationalpark', '#nomadicnerdproject', '#rvlife', '#nomadiclife']",1,0,0,PDT,,
136,2020-02-28 13:16:48,mrericcameron,"Really enjoyed having daily conversations with students about the #BlackHistoryMonth person of the day. 
Goal for next year: more variety and more current people/trailblazers/subjects of history in the future, like @nkjemisin. 
#historyteacher #BLM
#AfricanAmericanHistoryMonth pic.twitter.com/U63UuuHZd8","['#blackhistorymonth', '#historyteacher', '#blm', '#africanamericanhistorymonth']",2,1,0,PDT,,
137,2020-02-28 13:14:13,ERAUSANOW,"RT @GrayMattersTwit: We can disagree and still love each other unless your disagreement is rooted in my oppression and denial of my humanity and right to exist. â€” James Baldwin

Choose candidates who will represent us all.

#EqualityCantWait #BLM #LGBTQIâ€¦ pic.twitter.com/2LAMJzbAIF","['#equalitycantwait', '#blm', '#lgbtqi']",2,0,2,PDT,,
138,2020-02-28 13:13:03,GrayMattersTwit,"We can disagree and still love each other unless your disagreement is rooted in my oppression and denial of my humanity and right to exist. â€” James Baldwin

Choose candidates who will represent us all.

#EqualityCantWait #BLM #LGBTQIA #RatifyERA #OnlyLove #ChooseLove #Warren2020 pic.twitter.com/b53OvyV93w","['#equalitycantwait', '#blm', '#lgbtqia', '#ratifyera', '#onlylove', '#chooselove', '#warren2020']",1,0,1,PDT,,
139,2020-02-28 12:44:36,derya555,"He blocked me years ago because I didn't appreciate #BLM protest scaring children during their Christmas Choir concert at a mall, he called the children collateral damage to his cause then blocked me. ğŸ¤·â€â™€ï¸",['#blm'],0,0,0,PDT,,
140,2020-02-28 12:32:41,Freedom4Horses,"Save wild horses from BLMâ€™s abusive practices - 
The agencyâ€™s new plan to sell off horses like hotcakes effectively consigns these animals to the slaughter pipeline  https://www.denverpost.com/2018/09/28/bureau-land-management-wild-horses/?fbclid=IwAR0v8acuG4KyKQ8Vsw4Qonb8DnR3riGxUq5ahKii_IV6RVa1Mllv9YB74B4Â â€¦ #FlashbackFriday #wildhorses #horses #mustangs #BLM #AnimalWelfare #YouShouldKnow #share","['#flashbackfriday', '#wildhorses', '#horses', '#mustangs', '#blm', '#animalwelfare', '#youshouldknow', '#share']",100,3,169,PDT,,
141,2020-02-28 12:30:30,CaliLiliIndies,"#DaysOfeVeâ„¢â˜¯ï¸
#ClimateChangeğŸ„ğŸ½â€â™€ï¸
#OceansğŸ¬
#PeaceğŸ•Šï¸
#RoeğŸ—½
#PrideğŸ³ï¸â€ğŸŒˆ
#WOC
#BLM
#CuttingEdgeOfThePacificâ„¢ğŸ¦€
#Oscars2020 Contender
#eVeNgodThisFemaleIsNotYetRatedâ„¢â˜¯ï¸
 pic.twitter.com/9msdykTSYJ
ğŸğŸ¬  https://itunes.apple.com/us/movie/eve-n-god-this-female-is-not-yet-rated/id1447735793Â â€¦
ğŸµ  https://music.apple.com/us/album/this-female-is-not-yet-rated/1402313761Â â€¦
ğŸ™ï¸  https://medium.com/@mondofilm/interview-with-cali-lili-from-eve-n-god-this-female-is-not-yet-rated-6d50611b758eÂ â€¦","['#daysofeve', '#climatechange', '#oceans', '#peace', '#roe', '#pride', '#woc', '#blm', '#cuttingedgeofthepacific', '#oscars2020', '#evengodthisfemaleisnotyetrated']",2,1,2,PDT,,
142,2020-02-28 12:23:37,PeterMerlinCane,"Every Democratic Candidates' 'Black Agenda,' Ranked  https://www.theroot.com/every-democratic-candidates-black-agenda-ranked-1841959166?utm_medium=sharefromsite&utm_source=theroot_twitterÂ â€¦ via @@TheRoot
#BLM #BlackTwitter #WhiteSupremacy","['#blm', '#blacktwitter', '#whitesupremacy']",4,0,3,PDT,,
143,2020-02-28 12:10:12,TubePipeJournal,"What if one set of programming data could be used to laser-cut and bend tube to improve feature location accuracy? BLM provides this capability:  https://bit.ly/2UZCN5iÂ  #tube2020 #BLM
If youâ€™re planning a trip to DÃ¼sseldorf for Tube 2020, see BLM in hall 5, booth J32.","['#tube2020', '#blm']",0,0,0,PDT,,
144,2020-02-28 11:55:28,fastkidpunk,"My former student is serving more time for stealing a car than most Nazis served for murdering millions of people. No justice, no peace. Black Lives Matter #BLM #BlackLivesMatter","['#blm', '#blacklivesmatter']",3,1,1,PDT,,
145,2020-02-28 11:53:57,willapercy,Bernie told us who he is when he wrote that disgusting misogynistic SEX ESSAY. He told us who he is when he pushed two African American #BLM women away from the mic. He  told us who he is when he threatened to primary @BarackObama 2012 and worked to defeat @HillaryClinton 2016.,['#blm'],10,1,7,PDT,,
